StartDate,EndDate,Status,Progress,Duration (in seconds),Finished,RecordedDate,ResponseId,DistributionChannel,UserLanguage,"Prolific ID ","Consent ","Age ","Gender ",OMSI,Gen_1,Gen_2,Gen_3,Gen_4,Gen_5,Gen_6,Gen_7,Gen_8,Gen_9,Gen_10,Gen_11,Gen_12,Gen_13,Gen_14,Gen_15,Gen_16,Gen_17,Gen_18,Gen_19,Gen_20,Gen_21,Gen_22,Gen_23,Gen_24,Gen_25,Gen_26,Gen_27,Gen_28,Gen_29,Gen_30,Gen_31,Gen_32,Gen_33,Gen_34,Gen_35,Gen_36,Emotion,PROLIFIC_PID,Vignette,VigNro
Start Date,End Date,Response Type,Progress,Duration (in seconds),Finished,Recorded Date,Response ID,Distribution Channel,User Language,"What is your prolific ID?
Please note that this response should auto-fill with the correct ID",Do you consent to participating?,"What is your age? (e.g., 99)",What is your gender?,"In terms of your musical interest and expertise, which title best describes you?","Imagine yourself in the following scenario and then rate how you would respond to the following statements in that experience:

 
[Field-Vignette] - Listening to music was a good way of entertaining myself","Imagine yourself in the following scenario and then rate how you would respond to the following statements in that experience:

 
[Field-Vignette] - I was having a good time listening to the music","Imagine yourself in the following scenario and then rate how you would respond to the following statements in that experience:

 
[Field-Vignette] - I used the music to have a good time","Imagine yourself in the following scenario and then rate how you would respond to the following statements in that experience:

 
[Field-Vignette] - The music helped me break away from the situation","Imagine yourself in the following scenario and then rate how you would respond to the following statements in that experience:

 
[Field-Vignette] - Music acted as a mental shield against my distressing thoughts","Imagine yourself in the following scenario and then rate how you would respond to the following statements in that experience:

 
[Field-Vignette] - I wanted the music to help me forget what I was doing","Imagine yourself in the following scenario and then rate how you would respond to the following statements in that experience:

 
[Field-Vignette] - The music made me feel calm or relaxed","Imagine yourself in the following scenario and then rate how you would respond to the following statements in that experience:

 
[Field-Vignette] - I was using the music to relax","Imagine yourself in the following scenario and then rate how you would respond to the following statements in that experience:

 
[Field-Vignette] - Music provided a relaxing mood","Imagine yourself in the following scenario and then rate how you would respond to the following statements in that experience:

 
[Field-Vignette] - The music was motivating me to do something","Imagine yourself in the following scenario and then rate how you would respond to the following statements in that experience:

 
[Field-Vignette] - The music pumped me up","Imagine yourself in the following scenario and then rate how you would respond to the following statements in that experience:

 
[Field-Vignette] - I used the music to motivate myself","Imagine yourself in the following scenario and then rate how you would respond to the following statements in that experience:

 
[Field-Vignette] - The music helped me concentrate","Imagine yourself in the following scenario and then rate how you would respond to the following statements in that experience:

 
[Field-Vignette] - Music helped me focus on what I was doing","Imagine yourself in the following scenario and then rate how you would respond to the following statements in that experience:

 
[Field-Vignette] - I was more focused while listening to the music","Imagine yourself in the following scenario and then rate how you would respond to the following statements in that experience:

 
[Field-Vignette] - I felt connected to the people I was sharing this musical experience with","Imagine yourself in the following scenario and then rate how you would respond to the following statements in that experience:

 
[Field-Vignette] - I felt a bond with the other people listening to the music","Imagine yourself in the following scenario and then rate how you would respond to the following statements in that experience:

 
[Field-Vignette] - The music made me feel more connected to a group","Imagine yourself in the following scenario and then rate how you would respond to the following statements in that experience:

 
[Field-Vignette] - Listening to music made me feel less lonely","Imagine yourself in the following scenario and then rate how you would respond to the following statements in that experience:

 
[Field-Vignette] - The music helped me feel less lonely","Imagine yourself in the following scenario and then rate how you would respond to the following statements in that experience:

 
[Field-Vignette] - I used the music to keep me company","Imagine yourself in the following scenario and then rate how you would respond to the following statements in that experience:

 
[Field-Vignette] - I found solace in the music","Imagine yourself in the following scenario and then rate how you would respond to the following statements in that experience:

 
[Field-Vignette] - Listening to music comforted me","Imagine yourself in the following scenario and then rate how you would respond to the following statements in that experience:

 
[Field-Vignette] - The music was comforting to me","Imagine yourself in the following scenario and then rate how you would respond to the following statements in that experience:

 
[Field-Vignette] - The music helped me express myself","Imagine yourself in the following scenario and then rate how you would respond to the following statements in that experience:

 
[Field-Vignette] - Listening to music helped me express how I was feeling","Imagine yourself in the following scenario and then rate how you would respond to the following statements in that experience:

 
[Field-Vignette] - I vented my emotions by listening to music that expressed my feelings","Imagine yourself in the following scenario and then rate how you would respond to the following statements in that experience:

 
[Field-Vignette] - The music provided me with a spiritual experience","Imagine yourself in the following scenario and then rate how you would respond to the following statements in that experience:

 
[Field-Vignette] - The music related to my spirituality","Imagine yourself in the following scenario and then rate how you would respond to the following statements in that experience:

 
[Field-Vignette] - I wanted the music to take me somewhere spiritually","Imagine yourself in the following scenario and then rate how you would respond to the following statements in that experience:

 
[Field-Vignette] - Listening to the music stimulated my curiosity","Imagine yourself in the following scenario and then rate how you would respond to the following statements in that experience:

 
[Field-Vignette] - The music sparked my curiosity","Imagine yourself in the following scenario and then rate how you would respond to the following statements in that experience:

 
[Field-Vignette] - I appreciated the beauty of the music","Imagine yourself in the following scenario and then rate how you would respond to the following statements in that experience:

 
[Field-Vignette] - The experience was enhanced by the beauty of the music","Imagine yourself in the following scenario and then rate how you would respond to the following statements in that experience:

 
[Field-Vignette] - I had an unforgettable experience alongside the music","Imagine yourself in the following scenario and then rate how you would respond to the following statements in that experience:

 
[Field-Vignette] - If you see this statement then select strongly disagree","What are the most likely emotion labels you would use to describe your experience in this situation?

[Field-Vignette]",PROLIFIC_PID,Vignette,VigNro
"{""ImportId"":""startDate"",""timeZone"":""America/Denver""}","{""ImportId"":""endDate"",""timeZone"":""America/Denver""}","{""ImportId"":""status""}","{""ImportId"":""progress""}","{""ImportId"":""duration""}","{""ImportId"":""finished""}","{""ImportId"":""recordedDate"",""timeZone"":""America/Denver""}","{""ImportId"":""_recordId""}","{""ImportId"":""distributionChannel""}","{""ImportId"":""userLanguage""}","{""ImportId"":""QID1218656811_TEXT""}","{""ImportId"":""QID1218656807""}","{""ImportId"":""QID1218656808_TEXT""}","{""ImportId"":""QID1218656809""}","{""ImportId"":""QID1218656810""}","{""ImportId"":""QID58_1""}","{""ImportId"":""QID58_2""}","{""ImportId"":""QID58_3""}","{""ImportId"":""QID58_4""}","{""ImportId"":""QID58_5""}","{""ImportId"":""QID58_6""}","{""ImportId"":""QID58_7""}","{""ImportId"":""QID58_8""}","{""ImportId"":""QID58_9""}","{""ImportId"":""QID58_10""}","{""ImportId"":""QID58_11""}","{""ImportId"":""QID58_12""}","{""ImportId"":""QID58_13""}","{""ImportId"":""QID58_14""}","{""ImportId"":""QID58_15""}","{""ImportId"":""QID58_16""}","{""ImportId"":""QID58_17""}","{""ImportId"":""QID58_18""}","{""ImportId"":""QID58_19""}","{""ImportId"":""QID58_20""}","{""ImportId"":""QID58_21""}","{""ImportId"":""QID58_22""}","{""ImportId"":""QID58_23""}","{""ImportId"":""QID58_24""}","{""ImportId"":""QID58_25""}","{""ImportId"":""QID58_26""}","{""ImportId"":""QID58_27""}","{""ImportId"":""QID58_28""}","{""ImportId"":""QID58_29""}","{""ImportId"":""QID58_30""}","{""ImportId"":""QID58_31""}","{""ImportId"":""QID58_32""}","{""ImportId"":""QID58_33""}","{""ImportId"":""QID58_34""}","{""ImportId"":""QID58_35""}","{""ImportId"":""QID58_36""}","{""ImportId"":""QID59""}","{""ImportId"":""PROLIFIC_PID""}","{""ImportId"":""Vignette""}","{""ImportId"":""VigNro""}"
2025-09-09 10:09:36,2025-09-09 10:11:49,0,100,133,1,2025-09-09 10:11:50,R_2JlXO64QKhqf9y5,anonymous,EN,5c7cf2bff2fe9400019295d7,2,30,2,2,5,5,5,3,4,4,4,3,4,4,5,3,3,4,3,4,4,4,4,5,5,4,4,4,5,4,4,3,5,5,4,4,5,5,5,1,"1,2,3,5,6,7,8,9,11,13",5c7cf2bff2fe9400019295d7,"Halfway through a concert, you realise you have been fully absorbed in the power and meaning of the music. It feels as if the music has taken you into a transcendent experience, which is exactly what you hoped for before the concert.",10
2025-09-09 10:09:41,2025-09-09 10:13:29,0,100,227,1,2025-09-09 10:13:29,R_8uB2MtVgHmhcVVL,anonymous,EN,677c1d9dfa8c2311e7c89659,2,32,2,2,4,4,4,5,4,5,4,2,3,2,5,3,2,2,1,4,4,4,4,3,4,5,5,5,3,4,4,1,3,1,5,5,5,5,4,1,"1,2,3,5,6,8,9,13",677c1d9dfa8c2311e7c89659,"While out for a walk, you hear a busker playing incredible sounding music you have never discovered before. You are not sure what is attracting your interest to the music but you allow yourself to be taken in by the music and its new emotional direction.",11
2025-09-09 10:09:27,2025-09-09 10:15:06,0,100,338,1,2025-09-09 10:15:06,R_2k02uepse3EHY1s,anonymous,EN,5b9d57e5737d030001ad2cbf,2,58,1,2,5,4,2,5,4,5,5,4,4,2,2,1,2,5,4,1,4,1,5,5,4,5,4,4,5,4,4,1,1,1,4,2,5,4,2,1,"9,11,12",5b9d57e5737d030001ad2cbf,"As you travel alone for an extended period, you put on your partner’s favourite music. The music makes you feel as if they are there with you.",7
2025-09-09 10:13:10,2025-09-09 10:16:00,0,100,170,1,2025-09-09 10:16:01,R_2TNaApImded3dAR,anonymous,EN,5ee5defbfe74a3000d106f51,2,33,1,1,3,3,4,4,4,4,4,3,3,3,3,4,3,4,3,4,3,3,3,3,3,3,4,4,3,3,4,4,3,3,3,4,3,4,3,1,"1,6,8,13",5ee5defbfe74a3000d106f51,"While listening to a playlist, you come across a song that deeply resonates with what you are experiencing. It communicated something about yourself that you’ve struggled to explain to others.",9
2025-09-09 10:18:41,2025-09-09 10:22:03,0,100,202,1,2025-09-09 10:22:04,R_2AE7WXw124v39Bo,anonymous,EN,5efb49177e130c0785b93842,2,32,2,3,4,4,3,4,4,3,4,5,5,4,3,4,5,5,4,3,3,4,4,5,5,5,5,5,3,5,5,3,4,4,3,3,5,4,3,1,"8,11",5efb49177e130c0785b93842,"You have just been told that you didn’t get the job you applied for. To handle the news, you turn to music to provide a sense of support as you manage your thoughts.",8
2025-09-09 10:28:33,2025-09-09 10:28:51,0,100,17,1,2025-09-09 10:28:52,R_8ZBp6w24H4Q7oZ3,anonymous,EN,572f526c3c27e7000e0b8aaa,1,,,,,,,,,,,,,,,,,,,,,,,,,,,,,,,,,,,,,,,,,572f526c3c27e7000e0b8aaa,"Halfway through a concert, you realise you have been fully absorbed in the power and meaning of the music. It feels as if the music has taken you into a transcendent experience, which is exactly what you hoped for before the concert.",10
2025-09-09 10:28:02,2025-09-09 10:29:41,0,100,98,1,2025-09-09 10:29:41,R_2hxUqDg00begefA,anonymous,EN,58fc6017ee99a700012ce5d8,2,42,1,3,4,4,3,3,2,3,3,4,3,3,4,3,4,3,4,3,3,3,3,3,3,4,3,4,4,3,3,3,3,3,3,3,3,3,3,3,"5,11",58fc6017ee99a700012ce5d8,In order to get ready to exercise you decide to put on music which gives you the right frame of mind.,4
2025-09-09 10:28:18,2025-09-09 10:29:48,0,100,90,1,2025-09-09 10:29:48,R_8Ih3yFNr6DCppA9,anonymous,EN,66cb2e0bd2169db778550269,2,25,1,3,4,4,4,3,3,2,4,4,3,3,5,4,4,4,4,3,3,3,4,2,2,2,5,5,4,5,4,4,3,4,3,4,4,5,4,1,"1,2",66cb2e0bd2169db778550269,"While with your friends at a cafe, a particular song comes on. You instantly recognise the music from your past, leading to an exchange of stories about your experiences together.",6
2025-09-09 10:27:55,2025-09-09 10:29:49,0,100,113,1,2025-09-09 10:29:49,R_8OcS9ynyeMez6vQ,anonymous,EN,602c0fc2eff74b4748e9b41e,2,35,1,2,5,4,4,4,5,2,4,4,5,4,2,5,4,4,5,4,4,4,4,4,4,4,4,4,4,4,5,4,4,4,4,5,4,4,5,1,"1,2,3,5,8,9,11,12,13",602c0fc2eff74b4748e9b41e,"As you sit outside on your lunch break, you hear amazing music drifting in from a nearby building. While admiring the graceful nature of the music itself, you notice how it intensifies your lunch break into a unique and lasting experience.",12
2025-09-09 10:27:51,2025-09-09 10:30:00,0,100,128,1,2025-09-09 10:30:00,R_2yYKF7zLQHJWXv3,anonymous,EN,672f488089b8f59064c010fc,2,38,1,2,5,5,5,5,5,5,5,5,5,5,5,5,5,4,5,5,5,5,5,5,5,5,5,5,5,5,4,5,3,5,5,4,5,5,5,1,"1,2,5,6,7,8,11",672f488089b8f59064c010fc,It was pointed out that you missed an important detail in your work which you now have to redo. You put on a music playlist to drown out self-criticism as you fix the mistake.,2
2025-09-09 10:27:59,2025-09-09 10:30:06,0,100,126,1,2025-09-09 10:30:06,R_89cZTqcph3e9Snw,anonymous,EN,5ea00067d330db1ac58c6163,2,65,2,2,4,5,3,4,4,4,4,5,5,3,2,3,4,3,3,3,2,2,4,5,3,3,5,4,4,4,3,2,2,2,3,3,5,4,4,1,"2,7,11,13",5ea00067d330db1ac58c6163,"While listening to a playlist, you come across a song that deeply resonates with what you are experiencing. It communicated something about yourself that you’ve struggled to explain to others.",9
2025-09-09 10:28:04,2025-09-09 10:30:11,0,100,127,1,2025-09-09 10:30:11,R_8hbXClPpNMdQEJr,anonymous,EN,66c5ee0d624ca2722eebfa1c,2,22,2,2,4,4,5,4,4,4,4,4,4,4,3,4,2,2,2,4,4,3,4,4,4,3,5,4,4,4,4,4,4,4,4,4,4,4,3,1,"1,2,3,5,9,11,13",66c5ee0d624ca2722eebfa1c,"While with your friends at a cafe, a particular song comes on. You instantly recognise the music from your past, leading to an exchange of stories about your experiences together.",6
2025-09-09 10:27:58,2025-09-09 10:30:16,0,100,138,1,2025-09-09 10:30:16,R_8HAZHbjPenVwDNu,anonymous,EN,570157c6917228000d8d4b6a,2,33,1,3,5,5,5,5,5,3,5,5,5,5,5,5,5,5,5,5,5,5,5,5,5,5,5,5,5,5,5,1,1,1,5,5,5,5,5,1,"1,2,5,6,7,8,9,11,13",570157c6917228000d8d4b6a,"Halfway through a concert, you realise you have been fully absorbed in the power and meaning of the music. It feels as if the music has taken you into a transcendent experience, which is exactly what you hoped for before the concert.",10
2025-09-09 10:28:25,2025-09-09 10:30:19,0,100,114,1,2025-09-09 10:30:20,R_8feTh0sWkD8WGCo,anonymous,EN,5abbe13268b65b00018cf94b,2,26,1,1,4,4,4,4,4,4,4,4,4,4,4,4,4,4,4,4,4,4,4,4,4,4,4,4,4,4,4,4,4,4,4,4,4,4,4,1,8,5abbe13268b65b00018cf94b,In order to get ready to exercise you decide to put on music which gives you the right frame of mind.,4
2025-09-09 10:28:17,2025-09-09 10:30:22,0,100,124,1,2025-09-09 10:30:22,R_80GhN3XIH0jFgTv,anonymous,EN,5d34862748bf98000146b64f,2,32,1,2,5,5,5,3,5,5,5,5,5,2,3,4,5,5,5,3,3,3,3,3,4,5,4,5,2,4,4,2,1,1,3,2,5,4,1,1,"11,13",5d34862748bf98000146b64f,"While listening to a playlist, you come across a song that deeply resonates with what you are experiencing. It communicated something about yourself that you’ve struggled to explain to others.",9
2025-09-09 10:28:00,2025-09-09 10:30:22,0,100,142,1,2025-09-09 10:30:23,R_2J4LVOzudCQScdI,anonymous,EN,5b0712a66c2e20000157909c,2,36,1,2,4,4,4,4,3,4,4,4,4,2,2,2,2,2,3,2,2,2,4,4,4,4,4,4,2,3,4,1,1,1,2,2,4,4,2,1,"9,11",5b0712a66c2e20000157909c,"After a long and demanding week, you take time to rest by listening to music. The stress melts away and you start to recover as you listen along.",3
2025-09-09 10:28:00,2025-09-09 10:30:25,0,100,144,1,2025-09-09 10:30:25,R_8DNuTTJP17sIsbf,anonymous,EN,63f87480149da1634d6c4464,2,25,1,2,4,2,4,4,4,4,5,4,5,1,2,4,2,3,2,2,2,3,1,1,1,4,4,4,3,3,4,2,3,3,4,2,4,4,2,1,"10,12,14,15",63f87480149da1634d6c4464,"You have just been told that you didn’t get the job you applied for. To handle the news, you turn to music to provide a sense of support as you manage your thoughts.",8
2025-09-09 10:28:06,2025-09-09 10:30:27,0,100,140,1,2025-09-09 10:30:29,R_2JxAf5Oe1c1dQyL,anonymous,EN,5a8f01d95292b80001235d34,2,54,2,3,3,2,2,3,4,4,3,4,3,2,2,3,2,3,3,5,5,4,2,2,5,2,3,2,2,4,5,4,3,4,2,2,3,3,1,1,"12,13",5a8f01d95292b80001235d34,"As you travel alone for an extended period, you put on your partner’s favourite music. The music makes you feel as if they are there with you.",7
2025-09-09 10:28:13,2025-09-09 10:30:30,0,100,137,1,2025-09-09 10:30:30,R_8Ea9I7tzDJIewPj,anonymous,EN,66b5172c8f0bd3b23ce66c22,2,28,2,1,4,4,3,3,2,2,4,4,4,3,3,3,3,3,3,2,2,2,3,3,3,4,4,4,2,2,2,2,2,2,3,3,4,3,3,1,11,66b5172c8f0bd3b23ce66c22,"As you sit outside on your lunch break, you hear amazing music drifting in from a nearby building. While admiring the graceful nature of the music itself, you notice how it intensifies your lunch break into a unique and lasting experience.",12
2025-09-09 10:28:12,2025-09-09 10:30:31,0,100,139,1,2025-09-09 10:30:32,R_2q3pWsY7CkFPSxY,anonymous,EN,5b14161e30d562000155e871,2,29,1,2,4,5,4,5,5,5,5,4,5,5,4,5,3,4,3,5,5,5,4,5,5,5,5,5,5,5,2,3,5,4,5,5,5,4,5,1,5,5b14161e30d562000155e871,"As you sit outside on your lunch break, you hear amazing music drifting in from a nearby building. While admiring the graceful nature of the music itself, you notice how it intensifies your lunch break into a unique and lasting experience.",12
2025-09-09 10:28:17,2025-09-09 10:30:31,0,100,134,1,2025-09-09 10:30:32,R_82EZITQJ0tjNRKh,anonymous,EN,5fceb997bc11f516590460ee,2,34,2,1,5,5,4,3,3,1,4,3,4,5,5,5,5,5,5,1,1,1,1,3,1,4,4,4,1,2,1,1,1,1,1,2,5,5,1,1,"6,8",5fceb997bc11f516590460ee,In order to get ready to exercise you decide to put on music which gives you the right frame of mind.,4
2025-09-09 10:27:54,2025-09-09 10:30:43,0,100,168,1,2025-09-09 10:30:43,R_8hHntujaaartFMK,anonymous,EN,66e484aa361904c9801c6837,2,63,2,2,5,5,5,2,2,1,3,3,2,4,4,4,3,5,5,5,4,5,5,4,4,2,5,4,4,5,4,3,2,2,3,3,4,5,3,1,"5,6,7,8,13",66e484aa361904c9801c6837,"While with your friends at a cafe, a particular song comes on. You instantly recognise the music from your past, leading to an exchange of stories about your experiences together.",6
2025-09-09 10:28:13,2025-09-09 10:30:44,0,100,151,1,2025-09-09 10:30:44,R_8OIfLoGIIcE60aJ,anonymous,EN,6658b14cfcfccc0b76bb64f7,2,30,1,2,5,5,5,4,4,4,5,5,5,5,5,5,4,4,4,5,4,5,4,3,5,5,5,4,5,5,2,4,5,5,3,5,5,5,3,1,"1,2,5,6,7",6658b14cfcfccc0b76bb64f7,"After a long and demanding week, you take time to rest by listening to music. The stress melts away and you start to recover as you listen along.",3
2025-09-09 10:27:53,2025-09-09 10:30:57,0,100,183,1,2025-09-09 10:30:57,R_8jTrPHlDdoO6WVH,anonymous,EN,5bcda2ee6fd72000014996e4,2,40,1,3,4,4,4,4,4,4,4,3,4,4,4,4,4,4,4,2,2,2,2,2,2,4,5,4,4,4,2,2,2,2,2,2,4,4,3,1,"5,8",5bcda2ee6fd72000014996e4,In order to get ready to exercise you decide to put on music which gives you the right frame of mind.,4
2025-09-09 10:27:55,2025-09-09 10:31:01,0,100,185,1,2025-09-09 10:31:01,R_8BgneZUJwMnNGcu,anonymous,EN,6783ebc2e89b75d66d952f41,2,58,1,2,4,3,3,4,4,3,4,4,4,4,3,3,3,3,4,3,4,4,4,4,3,4,4,4,4,4,3,3,3,2,3,3,3,4,4,1,"2,5,6,11",6783ebc2e89b75d66d952f41,"You have an intricate task that requires your attention. To put your mind to it, you turn on a specific music playlist.",5
2025-09-09 10:28:10,2025-09-09 10:31:08,0,100,177,1,2025-09-09 10:31:08,R_8qr5TLVOtHlDI2R,anonymous,EN,6760580745ecb73102f83f3d,2,30,2,3,4,5,4,4,5,4,5,4,4,4,5,5,5,5,4,3,3,3,4,4,4,4,5,4,4,4,4,3,2,4,5,4,4,4,3,1,"6,10,15",6760580745ecb73102f83f3d,It was pointed out that you missed an important detail in your work which you now have to redo. You put on a music playlist to drown out self-criticism as you fix the mistake.,2
2025-09-09 10:28:00,2025-09-09 10:31:09,0,100,188,1,2025-09-09 10:31:09,R_2CDn9gBhcHzdVdA,anonymous,EN,6016f0e16f7aec8af4152aa4,2,43,1,1,4,5,5,5,3,4,4,4,3,3,3,4,3,3,3,3,3,3,3,3,4,3,3,3,2,3,3,3,3,2,5,5,4,5,3,1,"5,11",6016f0e16f7aec8af4152aa4,"As you sit outside on your lunch break, you hear amazing music drifting in from a nearby building. While admiring the graceful nature of the music itself, you notice how it intensifies your lunch break into a unique and lasting experience.",12
2025-09-09 10:28:34,2025-09-09 10:31:17,0,100,162,1,2025-09-09 10:31:17,R_2Qgsm4rXd9qCipk,anonymous,EN,65fc193a88719c667afc4451,2,41,1,4,5,5,5,5,5,4,5,5,5,5,5,5,5,5,4,5,5,5,5,4,5,5,5,4,5,4,5,5,4,5,5,5,4,5,5,4,"2,5,6,11",65fc193a88719c667afc4451,"You have just been told that you didn’t get the job you applied for. To handle the news, you turn to music to provide a sense of support as you manage your thoughts.",8
2025-09-09 10:28:16,2025-09-09 10:31:20,0,100,184,1,2025-09-09 10:31:20,R_8ESS9IFtGhRVr7l,anonymous,EN,5af5a5c3226ed5000133d67c,2,50,1,2,5,5,5,1,1,1,3,3,3,1,4,2,1,1,2,5,5,5,2,2,1,2,2,1,3,2,1,1,1,1,3,2,4,4,4,1,"6,7,11",5af5a5c3226ed5000133d67c,You are attending a celebration where music is the heart of the party. You are able to join in the fun which is aided by the music throughout the event.,1
2025-09-09 10:28:11,2025-09-09 10:31:23,0,100,192,1,2025-09-09 10:31:23,R_28fFIxDLyRTIvYt,anonymous,EN,5ac4b010f69e940001d97645,2,46,2,1,1,2,1,2,4,1,4,3,3,3,1,3,3,4,4,1,1,1,2,3,3,4,5,5,3,2,2,1,1,1,1,1,2,1,1,1,"10,12",5ac4b010f69e940001d97645,It was pointed out that you missed an important detail in your work which you now have to redo. You put on a music playlist to drown out self-criticism as you fix the mistake.,2
2025-09-09 10:28:22,2025-09-09 10:31:33,0,100,191,1,2025-09-09 10:31:33,R_8R4aNTeguS2J0Tr,anonymous,EN,5f3e6a07e06e71069f919082,2,34,1,2,4,4,4,3,2,3,5,3,4,2,2,2,4,2,3,2,5,2,2,1,3,4,4,4,2,4,3,3,2,3,4,3,4,5,3,1,"2,3,5,13",5f3e6a07e06e71069f919082,"While out for a walk, you hear a busker playing incredible sounding music you have never discovered before. You are not sure what is attracting your interest to the music but you allow yourself to be taken in by the music and its new emotional direction.",11
2025-09-09 10:28:03,2025-09-09 10:31:36,0,100,212,1,2025-09-09 10:31:36,R_8O0ReqPNZNkUZTA,anonymous,EN,58954e2dc88c680001dd4b7e,2,60,1,1,5,5,4,3,4,3,4,4,4,3,4,3,3,4,4,4,4,4,4,4,4,4,4,4,4,3,3,3,3,3,3,3,5,4,4,1,"1,2,3,6,9,11,12,13",58954e2dc88c680001dd4b7e,You are attending a celebration where music is the heart of the party. You are able to join in the fun which is aided by the music throughout the event.,1
2025-09-09 10:28:51,2025-09-09 10:31:36,0,100,165,1,2025-09-09 10:31:37,R_20DINHnpezGeE21,anonymous,EN,5cf1824f1ae74d00015fbd39,2,50,1,2,4,5,4,2,4,4,4,4,5,4,3,4,3,3,4,5,4,5,4,3,3,3,5,4,4,4,4,4,4,3,4,4,5,4,4,1,"5,11,13",5cf1824f1ae74d00015fbd39,"While with your friends at a cafe, a particular song comes on. You instantly recognise the music from your past, leading to an exchange of stories about your experiences together.",6
2025-09-09 10:29:39,2025-09-09 10:31:42,0,100,123,1,2025-09-09 10:31:42,R_8jZgufejz32Shut,anonymous,EN,614873a43b76bea1f97ee78f,2,51,2,2,4,5,3,4,4,4,4,4,4,4,4,3,4,4,4,5,4,5,5,4,5,4,4,5,4,4,4,4,5,4,4,4,4,4,5,1,"1,5,6,7,8,11",614873a43b76bea1f97ee78f,"After a long and demanding week, you take time to rest by listening to music. The stress melts away and you start to recover as you listen along.",3
2025-09-09 10:28:18,2025-09-09 10:31:46,0,100,207,1,2025-09-09 10:31:46,R_81dCO9MUXbZkdbZ,anonymous,EN,6659e2efdb732dbd7f707a98,2,20,1,4,4,5,4,5,4,4,2,2,2,4,4,4,2,1,2,3,2,3,3,2,3,4,2,5,4,4,3,4,4,5,3,3,5,5,5,1,"1,2,3,8,9,13",6659e2efdb732dbd7f707a98,"Halfway through a concert, you realise you have been fully absorbed in the power and meaning of the music. It feels as if the music has taken you into a transcendent experience, which is exactly what you hoped for before the concert.",10
2025-09-09 10:29:40,2025-09-09 10:31:51,0,100,131,1,2025-09-09 10:31:52,R_84ovaxAJJ1vfCQx,anonymous,EN,5b4a3ab1bc06c90001f902f4,2,42,2,1,3,3,2,4,4,4,4,4,3,2,3,2,3,3,3,2,2,3,4,4,4,4,4,4,3,4,4,3,3,3,3,3,2,2,2,1,"10,12",5b4a3ab1bc06c90001f902f4,"You have just been told that you didn’t get the job you applied for. To handle the news, you turn to music to provide a sense of support as you manage your thoughts.",8
2025-09-09 10:31:49,2025-09-09 10:31:57,0,100,8,1,2025-09-09 10:31:57,R_85s9SzxY4rrT9WB,anonymous,EN,671a5785170a0f6380c51f28,1,,,,,,,,,,,,,,,,,,,,,,,,,,,,,,,,,,,,,,,,,671a5785170a0f6380c51f28,"After a long and demanding week, you take time to rest by listening to music. The stress melts away and you start to recover as you listen along.",3
2025-09-09 10:28:37,2025-09-09 10:31:58,0,100,200,1,2025-09-09 10:31:58,R_2E9L19mmFfM9flE,anonymous,EN,5ac22f45436f550001ffbad2,2,67,1,2,4,4,4,4,4,4,4,4,5,4,5,5,4,4,3,4,4,4,4,3,4,4,4,4,4,4,4,4,5,4,4,4,4,4,4,1,"5,7,8,15",5ac22f45436f550001ffbad2,It was pointed out that you missed an important detail in your work which you now have to redo. You put on a music playlist to drown out self-criticism as you fix the mistake.,2
2025-09-09 10:29:58,2025-09-09 10:31:59,0,100,120,1,2025-09-09 10:31:59,R_2xAbrWIw2LkPtMu,anonymous,EN,5a6e411fe6cc4a0001b6d24b,2,30,1,1,4,3,5,4,3,4,4,5,4,5,4,4,4,4,4,2,4,3,4,5,4,5,4,4,4,4,4,2,2,4,4,4,3,4,2,1,15,5a6e411fe6cc4a0001b6d24b,It was pointed out that you missed an important detail in your work which you now have to redo. You put on a music playlist to drown out self-criticism as you fix the mistake.,2
2025-09-09 10:28:11,2025-09-09 10:32:03,0,100,232,1,2025-09-09 10:32:03,R_20o3SBW5HVwbvyP,anonymous,EN,6786682cfe5424ad10237085,2,65,1,4,5,5,2,5,5,5,4,4,4,2,5,4,5,5,4,1,1,1,5,5,4,5,5,5,4,5,5,5,5,5,5,4,5,5,5,1,"2,3,5,8,9,10,12",6786682cfe5424ad10237085,"You have just been told that you didn’t get the job you applied for. To handle the news, you turn to music to provide a sense of support as you manage your thoughts.",8
2025-09-09 10:30:09,2025-09-09 10:32:06,0,100,116,1,2025-09-09 10:32:06,R_8CmvFVVQ0k7GE6w,anonymous,EN,5ecd36302b4d3c05d4cc1ba2,2,57,2,2,4,4,2,3,2,2,5,4,4,3,2,3,3,4,3,2,4,2,4,4,4,4,4,4,4,4,2,4,4,4,3,2,5,4,2,1,"2,9,11",5ecd36302b4d3c05d4cc1ba2,"As you travel alone for an extended period, you put on your partner’s favourite music. The music makes you feel as if they are there with you.",7
2025-09-09 10:28:57,2025-09-09 10:32:06,0,100,189,1,2025-09-09 10:32:06,R_2G7nUYBh6Afhozi,anonymous,EN,59a7cfeb7ff2320001ec59d9,2,56,2,1,4,3,4,3,1,4,3,4,3,4,4,4,4,5,4,1,1,1,1,1,3,2,3,3,3,4,4,1,2,2,2,3,2,2,2,1,"5,6,8",59a7cfeb7ff2320001ec59d9,In order to get ready to exercise you decide to put on music which gives you the right frame of mind.,4
2025-09-09 10:28:35,2025-09-09 10:32:06,0,100,211,1,2025-09-09 10:32:07,R_2PnOoqMqUd5ylrt,anonymous,EN,66aba420ff3e6b366e465ffc,2,37,2,2,3,4,4,4,3,3,4,4,4,4,3,3,3,3,3,3,3,3,3,4,3,3,3,4,3,3,3,3,3,3,3,3,3,4,3,1,"1,7,8,9,11,16",66aba420ff3e6b366e465ffc,"You have an intricate task that requires your attention. To put your mind to it, you turn on a specific music playlist.",5
2025-09-09 10:30:15,2025-09-09 10:32:06,0,100,111,1,2025-09-09 10:32:07,R_8S34eayOS4tTYrG,anonymous,EN,5483702ffdf99b24c654b810,2,43,1,3,5,5,5,2,2,2,4,4,4,4,5,4,3,5,4,5,5,5,2,2,4,3,5,4,4,5,4,2,1,4,4,4,5,5,4,1,"1,2,7",5483702ffdf99b24c654b810,"While with your friends at a cafe, a particular song comes on. You instantly recognise the music from your past, leading to an exchange of stories about your experiences together.",6
2025-09-09 10:29:11,2025-09-09 10:32:07,0,100,176,1,2025-09-09 10:32:07,R_2rSNPDfAfKKKfjQ,anonymous,EN,5d8878251f684d0001737c56,2,45,2,2,5,5,5,4,5,5,5,5,5,3,4,4,3,3,3,4,4,4,5,5,4,5,5,4,5,5,4,4,4,3,5,5,5,4,4,1,"2,9,11",5d8878251f684d0001737c56,"While out for a walk, you hear a busker playing incredible sounding music you have never discovered before. You are not sure what is attracting your interest to the music but you allow yourself to be taken in by the music and its new emotional direction.",11
2025-09-09 10:30:05,2025-09-09 10:32:08,0,100,123,1,2025-09-09 10:32:08,R_8J4au9XLypu8yKJ,anonymous,EN,67059d99d1093140330a3926,2,23,2,3,4,4,4,4,3,4,4,4,4,3,3,4,3,2,3,3,3,3,4,4,2,4,4,4,4,4,4,1,1,1,2,2,4,4,2,1,"8,11,13",67059d99d1093140330a3926,"While listening to a playlist, you come across a song that deeply resonates with what you are experiencing. It communicated something about yourself that you’ve struggled to explain to others.",9
2025-09-09 10:27:52,2025-09-09 10:32:10,0,100,258,1,2025-09-09 10:32:11,R_2pq9Y5lrhIM6N33,anonymous,EN,582f8bbd4cadc80001b0fbd3,2,39,1,2,5,5,5,5,5,5,5,5,5,4,5,4,4,5,4,4,4,4,5,5,5,5,5,5,4,4,4,4,4,4,4,4,5,4,4,1,"1,2,11,13",582f8bbd4cadc80001b0fbd3,"After a long and demanding week, you take time to rest by listening to music. The stress melts away and you start to recover as you listen along.",3
2025-09-09 10:28:51,2025-09-09 10:32:11,0,100,200,1,2025-09-09 10:32:11,R_8ZgBaZ4MRohXZ4J,anonymous,EN,5a0c036857cee70001767a58,2,55,2,1,2,2,1,4,4,2,4,4,3,3,1,4,3,3,2,1,1,1,2,1,1,4,4,2,2,1,2,1,1,1,1,1,2,1,1,1,10,5a0c036857cee70001767a58,It was pointed out that you missed an important detail in your work which you now have to redo. You put on a music playlist to drown out self-criticism as you fix the mistake.,2
2025-09-09 10:28:26,2025-09-09 10:32:11,0,100,224,1,2025-09-09 10:32:12,R_8n7cZMHIEdJWRB5,anonymous,EN,5962a9280b835400010a7617,2,51,1,2,5,4,4,2,1,2,3,4,4,4,5,4,4,4,4,3,4,3,3,3,4,3,4,4,3,4,3,2,2,2,2,2,4,4,4,1,"1,6,7,8",5962a9280b835400010a7617,"While with your friends at a cafe, a particular song comes on. You instantly recognise the music from your past, leading to an exchange of stories about your experiences together.",6
2025-09-09 10:27:58,2025-09-09 10:32:11,0,100,253,1,2025-09-09 10:32:12,R_2qWNvUu6sgOjOKt,anonymous,EN,5ee0edcb962eba464f486b40,2,66,1,2,4,3,1,3,2,2,4,5,5,4,4,4,4,3,4,2,2,3,1,1,1,3,5,4,2,3,1,1,1,1,2,2,3,4,1,1,"11,13",5ee0edcb962eba464f486b40,"You have an intricate task that requires your attention. To put your mind to it, you turn on a specific music playlist.",5
2025-09-09 10:28:29,2025-09-09 10:32:16,0,100,226,1,2025-09-09 10:32:16,R_2IZ2WziGEYPuznf,anonymous,EN,5dc71b96d210e45213e92359,2,46,1,2,5,5,5,2,1,2,3,3,3,2,5,3,3,3,5,3,4,3,2,2,3,2,3,3,1,2,2,2,2,2,5,5,4,4,4,1,"1,3,6",5dc71b96d210e45213e92359,"While out for a walk, you hear a busker playing incredible sounding music you have never discovered before. You are not sure what is attracting your interest to the music but you allow yourself to be taken in by the music and its new emotional direction.",11
2025-09-09 10:28:26,2025-09-09 10:32:17,0,100,230,1,2025-09-09 10:32:17,R_2Pe0wrV11pq1c95,anonymous,EN,65b67ca8930e8f5dbfa8d4e6,2,63,2,2,3,3,3,5,5,5,4,5,5,4,3,4,4,4,5,4,3,3,4,5,4,5,5,5,5,4,5,4,4,4,4,4,5,4,3,1,"2,3,8,12",65b67ca8930e8f5dbfa8d4e6,"While listening to a playlist, you come across a song that deeply resonates with what you are experiencing. It communicated something about yourself that you’ve struggled to explain to others.",9
2025-09-09 10:28:05,2025-09-09 10:32:20,0,100,255,1,2025-09-09 10:32:20,R_822wDZ3ok7DAsrD,anonymous,EN,5d628bb8d293be0017808bf6,2,69,2,2,4,4,3,4,3,2,3,2,4,3,4,3,3,3,4,2,3,2,4,3,4,3,4,4,3,3,2,2,2,2,3,2,4,3,3,1,7,5d628bb8d293be0017808bf6,"As you travel alone for an extended period, you put on your partner’s favourite music. The music makes you feel as if they are there with you.",7
2025-09-09 10:28:28,2025-09-09 10:32:23,0,100,234,1,2025-09-09 10:32:23,R_8QTTmq82H8JT7nb,anonymous,EN,5cb4f4ec46ed130001d15b05,2,58,2,2,5,5,5,4,4,4,5,5,5,5,5,4,5,5,4,4,4,4,4,5,4,5,5,5,4,5,4,3,3,3,5,4,5,5,5,1,"1,2,5,11,13",5cb4f4ec46ed130001d15b05,"After a long and demanding week, you take time to rest by listening to music. The stress melts away and you start to recover as you listen along.",3
2025-09-09 10:30:07,2025-09-09 10:32:24,0,100,137,1,2025-09-09 10:32:24,R_8FzZah5170p70Hc,anonymous,EN,6329c13285c93cafdf51ed77,2,45,1,3,4,4,5,2,3,4,4,4,4,3,4,4,4,3,3,3,3,3,4,4,4,3,4,3,2,2,2,3,2,1,4,4,4,4,3,1,"5,8,13",6329c13285c93cafdf51ed77,In order to get ready to exercise you decide to put on music which gives you the right frame of mind.,4
2025-09-09 10:30:05,2025-09-09 10:32:37,0,100,151,1,2025-09-09 10:32:37,R_2jNgUaKvBM7G8vW,anonymous,EN,5ea8c40504081a31ebd22b41,2,62,2,3,4,4,3,1,1,3,4,2,3,1,3,1,3,2,1,3,5,4,5,5,4,4,4,5,4,4,5,2,1,1,2,2,3,4,1,1,"9,13",5ea8c40504081a31ebd22b41,"As you travel alone for an extended period, you put on your partner’s favourite music. The music makes you feel as if they are there with you.",7
2025-09-09 10:30:33,2025-09-09 10:32:39,0,100,126,1,2025-09-09 10:32:40,R_2yeFrgDZGN2AS3g,anonymous,EN,6697cf02d714e7ee3fdedcec,2,41,1,2,4,4,4,4,3,4,4,4,4,3,4,2,4,4,4,2,2,2,2,2,2,4,4,4,3,4,4,1,1,1,3,3,4,4,2,1,"2,5,6,11,12",6697cf02d714e7ee3fdedcec,It was pointed out that you missed an important detail in your work which you now have to redo. You put on a music playlist to drown out self-criticism as you fix the mistake.,2
2025-09-09 10:29:03,2025-09-09 10:32:40,0,100,216,1,2025-09-09 10:32:40,R_2y2TkJaOzYxH3QE,anonymous,EN,6765db00a847d25603e7ac52,2,50,2,2,4,5,4,3,4,3,3,3,4,4,3,3,4,3,3,3,3,3,4,3,3,4,3,4,3,3,3,2,2,2,4,3,4,3,4,1,"6,7,11,13",6765db00a847d25603e7ac52,"Halfway through a concert, you realise you have been fully absorbed in the power and meaning of the music. It feels as if the music has taken you into a transcendent experience, which is exactly what you hoped for before the concert.",10
2025-09-09 10:29:24,2025-09-09 10:33:00,0,100,215,1,2025-09-09 10:33:00,R_8g8afMMRAH1X7i4,anonymous,EN,5788c16f275be600013590a8,2,49,2,2,4,3,2,4,4,3,5,5,4,2,2,3,3,2,3,4,3,2,5,5,5,2,5,5,4,3,4,4,3,5,2,2,5,3,2,1,"2,9,13",5788c16f275be600013590a8,"As you travel alone for an extended period, you put on your partner’s favourite music. The music makes you feel as if they are there with you.",7
2025-09-09 10:30:16,2025-09-09 10:33:01,0,100,165,1,2025-09-09 10:33:02,R_8UYnFtEIYnkcp4l,anonymous,EN,6818aa3b091f461c436e4f12,2,58,1,2,5,5,5,4,1,2,4,3,4,3,4,4,3,4,3,5,4,4,3,2,2,2,4,2,3,3,2,1,1,1,3,3,5,5,4,1,"5,6,7,13",6818aa3b091f461c436e4f12,"After a long and demanding week, you take time to rest by listening to music. The stress melts away and you start to recover as you listen along.",3
2025-09-09 10:29:36,2025-09-09 10:33:10,0,100,214,1,2025-09-09 10:33:11,R_8iRtwjPiVKQDzVZ,anonymous,EN,599da21f872eec00019569ff,2,33,1,2,3,4,5,3,3,2,4,5,5,5,4,5,5,5,5,2,2,2,3,3,4,4,4,4,3,4,2,2,2,3,4,3,4,4,3,1,"5,6,8,11",599da21f872eec00019569ff,"You have an intricate task that requires your attention. To put your mind to it, you turn on a specific music playlist.",5
2025-09-09 10:31:03,2025-09-09 10:33:16,0,100,132,1,2025-09-09 10:33:16,R_28wWXWyeK9OJdOF,anonymous,EN,60537fdcda0ac05f1c59c57f,2,40,2,2,4,5,4,4,4,4,4,4,5,3,2,3,4,5,4,2,3,2,2,3,2,4,3,5,3,2,3,3,2,4,3,5,5,5,3,1,"1,3,11,13",60537fdcda0ac05f1c59c57f,"As you sit outside on your lunch break, you hear amazing music drifting in from a nearby building. While admiring the graceful nature of the music itself, you notice how it intensifies your lunch break into a unique and lasting experience.",12
2025-09-09 10:30:05,2025-09-09 10:33:20,0,100,194,1,2025-09-09 10:33:20,R_8M6ul1aN6jkMdjH,anonymous,EN,5eddaa6d115bb4ac7e59f153,2,33,2,2,5,5,5,3,3,3,2,2,2,4,5,4,2,3,4,4,4,5,3,4,3,4,4,4,4,3,3,3,3,3,3,3,5,4,4,1,"5,6,7,9",5eddaa6d115bb4ac7e59f153,You are attending a celebration where music is the heart of the party. You are able to join in the fun which is aided by the music throughout the event.,1
2025-09-09 10:29:37,2025-09-09 10:33:22,0,100,225,1,2025-09-09 10:33:22,R_8pg9potydqKOZ7o,anonymous,EN,59ce4b5519d3170001b1d4cb,2,45,2,3,5,5,4,5,4,4,3,4,4,2,3,2,2,2,2,1,1,1,3,3,4,4,4,4,1,2,3,2,3,3,4,5,5,5,2,1,"2,11,13",59ce4b5519d3170001b1d4cb,"While out for a walk, you hear a busker playing incredible sounding music you have never discovered before. You are not sure what is attracting your interest to the music but you allow yourself to be taken in by the music and its new emotional direction.",11
2025-09-09 10:31:07,2025-09-09 10:33:24,0,100,137,1,2025-09-09 10:33:25,R_8duFnbyrqduv1nU,anonymous,EN,66c8a81f25959e5f183e2bb3,2,70,2,2,5,5,5,5,5,5,5,5,5,5,4,5,5,5,4,4,4,4,5,5,4,5,5,5,4,5,5,4,5,4,3,2,5,5,2,1,"5,13",66c8a81f25959e5f183e2bb3,"You have just been told that you didn’t get the job you applied for. To handle the news, you turn to music to provide a sense of support as you manage your thoughts.",8
2025-09-09 10:28:17,2025-09-09 10:33:31,0,100,314,1,2025-09-09 10:33:31,R_8mEjrJ41UPrE1da,anonymous,EN,5f3bd727a1276993eee15875,2,31,2,2,4,5,4,3,4,2,5,4,4,5,5,5,4,5,4,4,3,2,3,2,2,4,5,4,2,4,3,2,3,3,2,4,4,4,3,1,"5,6,7,8,11",5f3bd727a1276993eee15875,"You have an intricate task that requires your attention. To put your mind to it, you turn on a specific music playlist.",5
2025-09-09 10:27:53,2025-09-09 10:33:33,0,100,340,1,2025-09-09 10:33:33,R_8pmUPINj8hNBQhX,anonymous,EN,5b0710e7a84dcf0001beee8a,2,58,2,2,5,5,5,2,2,4,2,2,2,2,5,3,2,2,3,5,5,5,4,4,4,2,2,2,4,3,2,1,1,2,3,3,4,4,4,1,"5,6,7",5b0710e7a84dcf0001beee8a,You are attending a celebration where music is the heart of the party. You are able to join in the fun which is aided by the music throughout the event.,1
2025-09-09 10:30:15,2025-09-09 10:33:34,0,100,198,1,2025-09-09 10:33:34,R_82FYB0nW38ivDdX,anonymous,EN,66d5b98153700fd933371467,2,`19,1,2,5,5,1,5,4,5,4,5,5,5,5,5,5,5,5,2,2,2,5,5,4,5,5,5,5,5,5,1,1,1,4,4,4,5,3,1,"5,6,7,9,11,13",66d5b98153700fd933371467,In order to get ready to exercise you decide to put on music which gives you the right frame of mind.,4
2025-09-09 10:29:06,2025-09-09 10:33:38,0,100,272,1,2025-09-09 10:33:39,R_2s1tiwNXRbOKl9W,anonymous,EN,5910b7adcb98ce0001da622c,2,34,1,2,4,4,4,4,4,4,4,4,4,4,4,4,4,4,3,2,4,4,4,4,3,4,4,4,4,4,3,4,4,4,4,4,4,4,4,4,"5,8,9,11,13",5910b7adcb98ce0001da622c,"As you sit outside on your lunch break, you hear amazing music drifting in from a nearby building. While admiring the graceful nature of the music itself, you notice how it intensifies your lunch break into a unique and lasting experience.",12
2025-09-09 10:29:54,2025-09-09 10:33:42,0,100,228,1,2025-09-09 10:33:42,R_8XrxoHjHYrIJvzz,anonymous,EN,65bfa0a07056d13e2b2fe555,2,30,2,4,3,4,3,4,5,2,5,5,4,4,4,4,5,5,4,1,2,1,2,2,4,3,5,5,3,3,4,2,1,1,2,2,3,3,2,1,"5,6",65bfa0a07056d13e2b2fe555,It was pointed out that you missed an important detail in your work which you now have to redo. You put on a music playlist to drown out self-criticism as you fix the mistake.,2
2025-09-09 10:30:35,2025-09-09 10:33:43,0,100,187,1,2025-09-09 10:33:43,R_23OTYUsOHlvA7iF,anonymous,EN,5bd249d45c90120001d1043f,2,53,2,2,5,4,4,4,4,4,3,3,4,2,4,4,4,3,4,4,4,4,4,5,4,4,4,4,4,4,4,2,3,2,3,3,5,5,2,1,"2,9,11,13",5bd249d45c90120001d1043f,"As you travel alone for an extended period, you put on your partner’s favourite music. The music makes you feel as if they are there with you.",7
2025-09-09 10:30:22,2025-09-09 10:33:47,0,100,205,1,2025-09-09 10:33:48,R_8K8dBc0fj3xhEHo,anonymous,EN,584d88ee6a3e990001bf1b67,2,46,2,3,4,4,4,5,4,5,4,4,4,4,4,4,4,4,4,3,3,3,5,4,5,4,4,5,4,5,4,3,3,3,3,3,5,3,3,1,"10,12,15",584d88ee6a3e990001bf1b67,"You have just been told that you didn’t get the job you applied for. To handle the news, you turn to music to provide a sense of support as you manage your thoughts.",8
2025-09-09 10:30:19,2025-09-09 10:33:48,0,100,208,1,2025-09-09 10:33:49,R_8CT8S24M96K9iGn,anonymous,EN,56ca3e3237d66c000c59a891,2,46,1,1,4,5,4,4,3,4,4,4,3,4,3,4,4,4,5,5,4,5,4,4,4,4,4,5,4,3,4,4,4,4,4,3,5,5,4,1,"1,2,13",56ca3e3237d66c000c59a891,"As you sit outside on your lunch break, you hear amazing music drifting in from a nearby building. While admiring the graceful nature of the music itself, you notice how it intensifies your lunch break into a unique and lasting experience.",12
2025-09-09 10:30:13,2025-09-09 10:33:49,0,100,216,1,2025-09-09 10:33:49,R_8IdQ1Xsc7dZ5a2B,anonymous,EN,616829767ddec9e42886501d,2,39,5,3,4,4,4,2,2,2,3,3,3,4,3,3,2,2,3,2,3,2,2,2,3,4,3,4,3,2,2,3,3,3,4,4,5,4,3,1,"2,3,5,6,7",616829767ddec9e42886501d,"While out for a walk, you hear a busker playing incredible sounding music you have never discovered before. You are not sure what is attracting your interest to the music but you allow yourself to be taken in by the music and its new emotional direction.",11
2025-09-09 10:30:24,2025-09-09 10:33:50,0,100,205,1,2025-09-09 10:33:50,R_8YgOdbyBow7VPso,anonymous,EN,5bdcdbe6ee652a0001eff5f2,2,25,2,2,4,5,3,5,1,3,5,3,4,3,3,3,3,3,3,4,3,3,4,5,4,4,5,5,3,5,5,5,3,3,5,5,5,5,4,1,"2,8,9",5bdcdbe6ee652a0001eff5f2,"While listening to a playlist, you come across a song that deeply resonates with what you are experiencing. It communicated something about yourself that you’ve struggled to explain to others.",9
2025-09-09 10:30:09,2025-09-09 10:33:52,0,100,222,1,2025-09-09 10:33:52,R_2g0Kqi7hyynOGR9,anonymous,EN,5cd310705882710018e544b0,2,60,1,2,3,5,4,1,4,2,3,3,2,2,2,2,1,1,3,3,3,3,1,2,2,4,3,4,2,2,1,4,4,4,2,3,5,4,4,1,"2,3,5",5cd310705882710018e544b0,"Halfway through a concert, you realise you have been fully absorbed in the power and meaning of the music. It feels as if the music has taken you into a transcendent experience, which is exactly what you hoped for before the concert.",10
2025-09-09 10:30:10,2025-09-09 10:34:15,0,100,245,1,2025-09-09 10:34:15,R_8I0r2L7eePfYEIp,anonymous,EN,60465205820f850f2dc6a810,2,29,1,2,5,5,5,5,5,5,5,5,5,4,5,4,5,5,4,4,4,4,4,4,4,5,5,5,4,4,4,5,3,5,4,4,5,5,5,1,"1,3,11",60465205820f850f2dc6a810,"Halfway through a concert, you realise you have been fully absorbed in the power and meaning of the music. It feels as if the music has taken you into a transcendent experience, which is exactly what you hoped for before the concert.",10
2025-09-09 10:30:10,2025-09-09 10:34:22,0,100,252,1,2025-09-09 10:34:23,R_22EmFwNmCqnsTXo,anonymous,EN,66484cfc664a1d8dd22f2fcf,2,65,1,2,4,5,5,4,4,4,5,5,5,3,2,3,4,4,5,3,2,3,3,3,1,3,5,4,3,4,4,1,1,3,3,3,4,4,3,1,"5,9,11",66484cfc664a1d8dd22f2fcf,You are attending a celebration where music is the heart of the party. You are able to join in the fun which is aided by the music throughout the event.,1
2025-09-09 10:30:28,2025-09-09 10:34:52,0,100,263,1,2025-09-09 10:34:52,R_2rNNFa0f93MnWcH,anonymous,EN,644805884189b40893adfa53,2,56,2,2,3,4,3,3,4,4,4,4,4,3,3,3,4,4,4,2,2,2,4,4,3,4,4,4,4,3,2,3,4,4,3,3,4,4,3,1,"2,5,7,8,9,11,13",644805884189b40893adfa53,"While listening to a playlist, you come across a song that deeply resonates with what you are experiencing. It communicated something about yourself that you’ve struggled to explain to others.",9
2025-09-09 10:29:52,2025-09-09 10:34:52,0,100,300,1,2025-09-09 10:34:52,R_8omqmeT6HHYQ3RL,anonymous,EN,66839058a88759d4987e3e1c,2,49,2,1,4,5,5,3,2,4,3,4,5,4,3,3,2,4,3,5,5,5,3,3,3,2,4,4,3,4,4,3,2,2,4,4,3,4,3,1,"2,5,6,9,11,13",66839058a88759d4987e3e1c,"While with your friends at a cafe, a particular song comes on. You instantly recognise the music from your past, leading to an exchange of stories about your experiences together.",6
2025-09-09 10:30:28,2025-09-09 10:34:51,0,100,263,1,2025-09-09 10:34:53,R_8omkG0TFWsbj9MR,anonymous,EN,5eab170759f5390b776df5a1,2,34,2,2,5,5,5,4,4,5,5,3,5,5,5,5,5,5,5,5,5,3,3,3,5,4,5,5,5,5,4,5,5,5,5,5,5,5,3,1,"5,6,8",5eab170759f5390b776df5a1,In order to get ready to exercise you decide to put on music which gives you the right frame of mind.,4
2025-09-09 10:29:31,2025-09-09 10:34:58,0,100,326,1,2025-09-09 10:34:58,R_8qV6AaOUquF3U9Y,anonymous,EN,572bcdbb34b25a0010ddd977,2,50,1,2,4,3,3,3,4,3,3,4,3,4,4,5,4,3,3,3,4,3,5,5,5,3,5,4,4,5,4,4,5,4,5,4,5,5,4,1,"5,13",572bcdbb34b25a0010ddd977,"While listening to a playlist, you come across a song that deeply resonates with what you are experiencing. It communicated something about yourself that you’ve struggled to explain to others.",9
2025-09-09 10:30:15,2025-09-09 10:34:58,0,100,282,1,2025-09-09 10:34:58,R_8mgyRxU3xOMpZ4E,anonymous,EN,5a6725d4c0d836000107f6e7,2,54,1,2,3,3,3,2,3,2,5,5,5,4,2,5,5,4,4,3,3,3,3,2,3,4,5,4,4,5,4,4,3,4,3,3,5,4,3,1,"5,8,9,11",5a6725d4c0d836000107f6e7,"You have an intricate task that requires your attention. To put your mind to it, you turn on a specific music playlist.",5
2025-09-09 10:29:48,2025-09-09 10:34:59,0,100,310,1,2025-09-09 10:34:59,R_20vJC3DAe7ThLmA,anonymous,EN,66f87d84fcfe786a13ff1edb,2,69,2,2,4,4,4,3,4,4,4,4,4,4,4,4,4,4,4,4,3,3,4,3,4,3,4,4,3,4,3,3,3,2,4,3,4,4,3,1,"3,7,8",66f87d84fcfe786a13ff1edb,"You have an intricate task that requires your attention. To put your mind to it, you turn on a specific music playlist.",5
2025-09-09 10:29:34,2025-09-09 10:35:06,0,100,332,1,2025-09-09 10:35:06,R_8zB9JFzkvmEtI9J,anonymous,EN,571b3de05d40840013c49f3a,2,37,2,1,4,5,4,3,5,3,5,4,5,3,4,3,3,3,3,3,3,4,4,4,4,4,5,4,4,4,4,3,3,4,4,3,5,4,4,1,"5,8,11",571b3de05d40840013c49f3a,"After a long and demanding week, you take time to rest by listening to music. The stress melts away and you start to recover as you listen along.",3
2025-09-09 10:32:21,2025-09-09 10:35:55,0,100,214,1,2025-09-09 10:35:55,R_8Mz1JD6FTRm8dVa,anonymous,EN,5ea578e2ac4413000be218b9,2,25,2,4,4,4,5,5,4,5,5,5,4,2,3,2,3,2,3,4,5,4,2,2,3,5,5,5,3,2,5,3,3,3,5,4,5,5,4,1,"1,3,5,8,9,11,13",5ea578e2ac4413000be218b9,"While out for a walk, you hear a busker playing incredible sounding music you have never discovered before. You are not sure what is attracting your interest to the music but you allow yourself to be taken in by the music and its new emotional direction.",11
2025-09-09 10:31:35,2025-09-09 10:35:57,0,100,261,1,2025-09-09 10:35:57,R_8Fmvp08hxLQVmIG,anonymous,EN,5f25d3c98418832b5877a713,2,25,2,3,5,5,5,5,4,5,4,3,3,4,4,5,4,4,5,4,4,4,5,5,4,5,5,5,5,5,5,3,3,2,4,4,5,4,5,1,"1,2,3,7,8",5f25d3c98418832b5877a713,"Halfway through a concert, you realise you have been fully absorbed in the power and meaning of the music. It feels as if the music has taken you into a transcendent experience, which is exactly what you hoped for before the concert.",10
2025-09-09 10:33:22,2025-09-09 10:36:16,0,100,173,1,2025-09-09 10:36:16,R_2yq18BRfESyZMp6,anonymous,EN,5f11eb333c6e2c0df5b92270,2,25,2,3,5,5,5,5,5,4,5,5,5,2,3,3,3,3,2,2,2,2,5,5,5,5,5,5,5,5,5,1,1,1,3,2,5,3,3,1,11,5f11eb333c6e2c0df5b92270,"You have just been told that you didn’t get the job you applied for. To handle the news, you turn to music to provide a sense of support as you manage your thoughts.",8
2025-09-09 10:32:21,2025-09-09 10:36:34,0,100,252,1,2025-09-09 10:36:34,R_8nr9x1ONaBSjJjr,anonymous,EN,671a5785170a0f6380c51f28,2,31,2,4,5,5,5,3,3,1,5,5,5,3,5,5,5,5,5,3,4,3,5,5,5,5,5,5,5,5,5,5,5,4,3,3,5,4,5,1,"2,6,7,9,11",671a5785170a0f6380c51f28,"While with your friends at a cafe, a particular song comes on. You instantly recognise the music from your past, leading to an exchange of stories about your experiences together.",6
2025-09-09 10:28:11,2025-09-09 10:36:57,0,100,525,1,2025-09-09 10:36:58,R_8H7z4WBZRLvxxo3,anonymous,EN,5be12624b08fb60001f5680a,2,27,1,3,5,4,4,3,2,1,3,4,3,3,4,2,1,2,3,4,4,4,4,3,3,3,3,3,4,4,4,3,3,1,3,1,4,5,3,1,"1,9,13",5be12624b08fb60001f5680a,"As you travel alone for an extended period, you put on your partner’s favourite music. The music makes you feel as if they are there with you.",7
2025-09-09 10:32:32,2025-09-09 10:36:59,0,100,266,1,2025-09-09 10:37:00,R_8IuqvSyDW4kbuzT,anonymous,EN,5962a5b29955ee00015bce98,2,34,2,3,2,2,1,1,2,2,4,3,4,4,1,4,4,4,3,1,1,1,2,1,2,1,4,4,1,1,1,1,1,1,1,1,1,4,1,1,11,5962a5b29955ee00015bce98,"You have an intricate task that requires your attention. To put your mind to it, you turn on a specific music playlist.",5
2025-09-09 10:34:46,2025-09-09 10:37:13,0,100,147,1,2025-09-09 10:37:14,R_8GEsJuDF1a8yPRx,anonymous,EN,63ea4d64095b3286433ed52e,2,35,1,1,4,5,5,2,3,3,4,4,5,3,5,3,3,4,4,5,4,4,3,4,3,5,5,5,4,3,3,4,4,4,5,4,4,5,5,1,"1,5,6,8,11",63ea4d64095b3286433ed52e,"Halfway through a concert, you realise you have been fully absorbed in the power and meaning of the music. It feels as if the music has taken you into a transcendent experience, which is exactly what you hoped for before the concert.",10
2025-09-09 10:35:30,2025-09-09 10:38:22,0,100,172,1,2025-09-09 10:38:23,R_2DqZi5o8US0b0GQ,anonymous,EN,5e3723a2c0b2896ad554be73,2,48,2,1,4,5,4,4,1,1,3,3,3,5,5,5,5,5,4,4,4,4,1,2,4,5,4,4,4,4,4,2,2,2,4,5,5,5,4,1,"5,6,7,8",5e3723a2c0b2896ad554be73,In order to get ready to exercise you decide to put on music which gives you the right frame of mind.,4
2025-09-09 10:36:07,2025-09-09 10:38:28,0,100,140,1,2025-09-09 10:38:28,R_2A2DQB6bYU7nMn7,anonymous,EN,63af557b3d4f219c3226b7d6,2,51,2,2,5,5,4,4,5,4,4,4,4,3,4,3,3,3,3,5,4,4,4,4,5,5,5,5,4,4,4,1,2,1,3,4,5,4,4,1,"2,9,13",63af557b3d4f219c3226b7d6,"As you travel alone for an extended period, you put on your partner’s favourite music. The music makes you feel as if they are there with you.",7
2025-09-09 10:35:12,2025-09-09 10:39:06,0,100,233,1,2025-09-09 10:39:06,R_8U30J3dDWQyw9sf,anonymous,EN,58f669cefb4d7500014af69b,2,49,1,3,5,5,5,5,1,3,5,5,5,1,5,3,4,3,3,1,1,1,3,3,1,5,4,5,1,1,1,1,1,1,3,1,5,5,3,1,"2,8,11,12,13",58f669cefb4d7500014af69b,"While listening to a playlist, you come across a song that deeply resonates with what you are experiencing. It communicated something about yourself that you’ve struggled to explain to others.",9
2025-09-09 10:27:56,2025-09-09 10:39:30,0,100,694,1,2025-09-09 10:39:30,R_8PZSXpzpuUdO30S,anonymous,EN,6156fef09d1ab07148870099,2,48,2,2,4,4,4,4,4,4,4,4,4,4,4,4,4,1,4,1,1,1,3,4,3,2,4,3,2,1,1,1,1,1,4,4,3,1,1,1,"5,6",6156fef09d1ab07148870099,"While out for a walk, you hear a busker playing incredible sounding music you have never discovered before. You are not sure what is attracting your interest to the music but you allow yourself to be taken in by the music and its new emotional direction.",11
2025-09-09 10:29:54,2025-09-09 10:39:54,0,100,599,1,2025-09-09 10:39:55,R_2N8KZd0sBGiwyLK,anonymous,EN,56b78f11e77ebe000cbefe79,2,59,2,2,3,4,4,3,4,3,4,4,4,5,4,5,3,3,4,4,4,4,4,4,4,4,4,4,2,3,4,2,2,2,4,4,5,4,4,1,"1,2,3,5,7,8,9,11",56b78f11e77ebe000cbefe79,"As you sit outside on your lunch break, you hear amazing music drifting in from a nearby building. While admiring the graceful nature of the music itself, you notice how it intensifies your lunch break into a unique and lasting experience.",12
2025-09-09 10:33:22,2025-09-09 10:40:13,0,100,410,1,2025-09-09 10:40:14,R_2asKzzznRjZph7A,anonymous,EN,55ac3198fdf99b6de3b68b23,2,61,1,1,4,5,4,2,2,2,3,3,4,1,2,2,2,2,3,3,2,1,2,1,2,3,3,3,2,2,3,2,3,1,5,4,4,4,2,1,"5,11",55ac3198fdf99b6de3b68b23,"While out for a walk, you hear a busker playing incredible sounding music you have never discovered before. You are not sure what is attracting your interest to the music but you allow yourself to be taken in by the music and its new emotional direction.",11
2025-09-09 10:32:14,2025-09-09 10:40:32,0,100,498,1,2025-09-09 10:40:33,R_8IFuHthsQ2aYd1R,anonymous,EN,5ded58a8217786000b2b2511,2,69,1,2,4,4,4,4,3,2,4,3,3,3,5,3,4,4,4,4,5,4,3,3,4,4,4,4,3,4,4,3,3,3,4,3,4,4,3,1,"5,6,8,13",5ded58a8217786000b2b2511,You are attending a celebration where music is the heart of the party. You are able to join in the fun which is aided by the music throughout the event.,1
2025-09-09 10:37:20,2025-09-09 10:41:00,0,100,219,1,2025-09-09 10:41:00,R_2ezwnkl50O8M7YX,anonymous,EN,5ddd9d0e40460ecfff653cb5,2,49,1,2,5,4,3,5,4,5,5,4,5,5,3,5,5,3,5,3,2,2,3,3,4,4,5,4,2,2,1,3,2,3,2,2,3,4,2,1,"10,14",5ddd9d0e40460ecfff653cb5,It was pointed out that you missed an important detail in your work which you now have to redo. You put on a music playlist to drown out self-criticism as you fix the mistake.,2
2025-09-09 10:28:46,2025-09-09 10:41:32,0,100,765,1,2025-09-09 10:41:32,R_2dY6RLbxg54MyAS,anonymous,EN,655b901b23209ae4a194a402,2,58,2,2,5,5,5,1,1,1,5,3,5,3,5,4,3,2,4,5,4,4,4,4,4,5,5,5,2,2,3,5,5,5,2,2,5,5,5,1,"1,2,3,5,6,7,11",655b901b23209ae4a194a402,You are attending a celebration where music is the heart of the party. You are able to join in the fun which is aided by the music throughout the event.,1
2025-09-09 10:38:34,2025-09-09 10:41:37,0,100,182,1,2025-09-09 10:41:37,R_8OWacu1vxH0kmr9,anonymous,EN,5dc9de05292aaa6e477846c1,2,29,5,2,3,4,4,3,3,3,4,4,3,3,4,3,3,3,3,3,4,3,3,3,3,3,4,4,3,3,3,3,3,3,3,3,3,3,3,1,"2,5,6,7,8,11",5dc9de05292aaa6e477846c1,"After a long and demanding week, you take time to rest by listening to music. The stress melts away and you start to recover as you listen along.",3
